url,title,keywords,h1
http://360gis.kz/contact.html,Добавить новую компанию в справочник! | 360 ГИС,"справочник в усть-каменогорске, ресторан, кафе, развлечения, салон красоты, кальяны, магазин, компании, студия, компания, клиника, стоматология, усть каменоргорск, 360 видео, 360 городской информационный справочник",contact
http://360gis.kz/neke_sarayi_ukg.html,Дворец бракосочетания в Усть-Каменогорске | 360 ГИС,дворец бракосочетания,"Дворец бракосочетания ""Неке Сарайы"" в Усть-Каменогорске | 360 ГИС"
http://360gis.kz/tehauto_ukg.html,"Автозапчасти, авторазбор, СТО, автосервис, доставка транспортных средств и спецтехники, контрактные двигатели в городе Усть-Каменогорск","Группа компаний «ТЕХАВТО», Транспортно-экспедиторская компания “KAZLogistic Tranzit”, Логистика перевозок: тяжеловесные и негабаритные грузы. Доставка транспортных средств и спецтехники из КНР транзитом через Казахстан в Российскую Федерацию., Продажа дорожно-строительной техники из КНР, 1. Моторная компания “Motorinvest”:, Центр авторазбора и автозапчастей., СОБСТВЕННЫЙ АВТОСЕРВИС,, БОЛЕЕ 200 КОНТРАКТНЫХ  ДВИГАТЕЛЕЙ В НАЛИЧИИ,, ПРОФЕССИОНАЛЬНАЯ УСТАНОВКА - 3 ДНЯ,, ПОЛНЫЙ ПАКЕТ ДОКУМЕНТОВ,, .Так же у нас работает логистический отдел по доставке двигателей, доставим заказанный вами двигатель в любую точку Казахстана. Доставка осуществляется в максимально короткие сроки, ведется поиск надежного попутного транспорта с минимальной ценой., Оптовая продажа контрактных двигателей 1-й комплектности для легковых автомобилей японского производства, Работает стол заказов  контрактные запчасти корейских и европейских авто,, Агрегат (ДВС+КПП+навесное), Двигатель без навесного оборудования, КПП,, Генераторы,Дроссельная заслонка,Насос кондиционера,Шкив,Турбина аппаратура,ГУР,Стартер, Трамблер,Катушка, 2.Так-же Открыт на базе центрального офиса группы компаний """"Техавто"""", Автосервис по ремонту и обслуживанию автомобилей , 3. Магазин Автозапчасти Техавто, Рыночная цена,Большой асортимент Автозапчастей Для Иномарок,Наше основное преимущество наличие собственного автосервиса Техавто,Работающий  стол заказов,доставка с склада за час, также заказ автозапчастей,Гибкая система скидок,","Центр авторазбора и автозапчастей ""ТехАвто"" в Усть-Каменогорске | 360 ГИС"
http://360gis.kz/bastauto.html,"Автохимия, ароматизаторы, чехлы на руль, авто инструмент, авто электроника, коврики, авто сигналиация, обновление баз данных GPS в магазине автоаксессуаров ""БастАвто"" в Усть-Каменогорске","магазин автоаксессуаров, БастАвто, приобрести разнообразные элементы внешнего и внутрисалонного декора, авто инструмент, авто химию и авто электронику, автомобильные чехлы и коврики, настройку всей электроники, бесплатную прошивку брелков к автосигнализация обновление базы данных для антирадаров с GPS","Специализированный магазин автоаксессуаров ""БастАвто"" в Усть-Каменогорске | 360 ГИС"
http://360gis.kz/hanshaiym.html,"Ресторан китайской кухни ""Hanshaiym"" | 360 ГИС в Усть-Каменогорске","ресторан в усть каменогорске, кафе усть каменогорск, банкет, рестораны, еда поесть, восточная кухня, китайская кухня",hanshaiym
http://360gis.kz/beauty.html,Добавить новую компанию в справочник! | 360 ГИС,"справочник в усть-каменогорске, ресторан, кафе, развлечения, салон красоты, кальяны, магазин, компании, студия, компания, клиника, стоматология, усть каменоргорск, 360 видео, 360 городской информационный справочник",beauty
http://360gis.kz/almaty.html,Виртуальные видео-туры по заведениям и компаниям города! | 360 ГИС,"справочник в Алмате, ресторан, кафе, развлечения, салон красоты, кальяны, магазин, компании, студия, компания, клиника, стоматология, алмата, 360 видео, 360 городской информационный справочник",Almaty
http://360gis.kz/booking.html,Добавить новую компанию в справочник! | 360 ГИС,"справочник в усть-каменогорске, ресторан, кафе, развлечения, салон красоты, кальяны, магазин, компании, студия, компания, клиника, стоматология, усть каменоргорск, 360 видео, 360 городской информационный справочник",booking
http://360gis.kz/the_crown_pub.html,"Паб ""The Crown Pub"" | 360 ГИС в Усть-Каменогорске","Ресторан паб, в усть-каменогорске, the crown pub, кальян, пиво, пивные закуски",The Crown Pub | 360 ГИС
http://360gis.kz/homeservice.html,"Монтажно-торговая компания ""Homeservice"" в Усть-Каменогорске | 360 ГИС","двери купить, даминат, паркет, теплый пол, котельное оборудование, котлы, гаражные ворота, в усть каменогорске, хоумсервис, хомсервис","Монтажно-торговая компания ""HomeService"" | 360 ГИС"
http://360gis.kz/fshop.html,"Бутик мультибрендовой одежды ""F-Shop"" в Усть-Каменогорске | 360 ГИС","f shop, мужская одежда, женская одежда, бутики одежды, в усть-каменогорске","Бутик мультибрендовой одежды ""F-Shop"" | 360 ГИС"
http://360gis.kz/info.html,Добавить новую компанию в справочник! | 360 ГИС,"справочник в усть-каменогорске, ресторан, кафе, развлечения, салон красоты, кальяны, магазин, компании, студия, компания, клиника, стоматология, усть каменоргорск, 360 видео, 360 городской информационный справочник",info
http://360gis.kz/registan-chehova43.html,"Кафе Регистан, доставка на дом, еда, лагман, восточная кухня, блюда из баранины курицы говядины в Усть-Каменогорске","Кафе Регистан, доставка на дом, еда, лагман, восточная кухня, блюда из баранины курицы говядины в Усть-Каменогорске, Блюда из рыбы и морепродуктов, Выпечка, Закуски, Лагманы, Супы, Салаты, Гарниры, Банкетное меню, Бизнес ланчи","Сеть кафе восточной кухни ""Регистан"" в Усть-Каменогорске, ул. Чехова 43 | 360 ГИС"
http://360gis.kz/shanti_thai_spa.html,"Центр тайского массажа ""Shanti Thai SPA"" в Усть-Каменогорске | 360 ГИС","массаж в усть каменогорске, тайский массаж, Тайский спа салон, тайский традиционный массаж, лечебный массаж, спа программы, расслабляющий массаж, спортивный массаж, фитобочка, ука",shanti_thai_spa
http://360gis.kz/chocolate.html,"Салон красоты ""Шоколад"" в Усть-Каменогорске | 360 ГИС","салон красоты, парикмахерская, барбершоп, ноги, ногтевой сервис, маникюр, педикюр, в усть каменогорске","Салон красоты ""Chocolate"" в Усть-Каменогорске | 360 ГИС"
http://360gis.kz/registan-burova.html,"Кафе ""Регистан"" в Усть-Каменогорске. Восточная кухня, лагман, плов, свежая выпечка, кафе с игровой площадкой для детей.","китайская кухня, уйгурская, европейская, семейный отдых, игровая площадка, сходить с детьми","Сеть кафе восточной кухни ""Регистан"" в Усть-Каменогорске, ул. Бурова 9 | 360 ГИС"
http://360gis.kz/dom_kafelya.html,"Сеть салонов ""Дом Кафеля"" ул. Головкого 35 | 360 ГИС в Усть-Каменогорске","керамическая плитка, кафель, kerama marazzi, усть-каменогорск","Сеть салонов ""Дом Кафеля"" ул. Головкого 35 | 360 ГИС в Усть-Каменогорске"
http://360gis.kz/divadance.html,"Студия танцев ""DIVA""| 360 ГИС в Усть-Каменогорске","студия танцев, танцы, танцы в усть-каменогорске, усть каменогорск, танцевальная студия, Vogue, High heels, Jazz funk, Хип-хоп Contemporary (контемпорари), Waacking (вакинг) Popping ( папинг), Стрип-пластика, Zumba",divadance
http://360gis.kz/zinovevka.html,"Отдых на базе отдыха ""Зиновъевка"" в Усть-Каменогорске | 360 ГИС","база отдыха, отдохнуть, кролики в усть-каменогорске, оскемен, база отдыха в лесу, хвойный лес домик, зиновьевка, zinovevka, домики для отдыха с теплым полом, 2 местные, 3 местные, 12 местные, база отдыха для компании, прокат снегоходов, прокат стьюбов, аренда картинговых велосипедов, аренда квадроциклов, шашлык приготовить, мангальная зона, аренда мангала, русская баня база, баня на дровах,","База отдыха ""Зиновъевка"" в Усть-Каменогорске | 360 ГИС"
http://360gis.kz/kvartira_vip_ukg.html,Аренда квартир в Усть-Каменогорске | 360 ГИС,"аренда недвижимости, аренда квартиры в усть-каменогорске, квартира в усть каменогрске, посуточно, почасово",Аренда квартиры в Усть-Каменогорске | 360 ГИС
http://360gis.kz/estetikclub.html,"SPA салон красоты ""Estetik Club"" в Усть-Каменогорске | 360 ГИС",салон spa,"SPA салон красоты ""Estetik Club"" в Усть-Каменогорске | 360 ГИС"
http://360gis.kz/ainur_alakol.html,"База отдыха на озере Алаколь ""Айнур"" | 360 ГИС","база отдыха, алаколь, пляж алаколь, меню, ресторан, на алаколе, путевки в алаколь","База отдыха в Алаколь ""Айнур"" | 360 ГИС"
http://360gis.kz/vacation.html,Добавить новую компанию в справочник! | 360 ГИС,"справочник в усть-каменогорске, ресторан, кафе, развлечения, салон красоты, кальяны, магазин, компании, студия, компания, клиника, стоматология, усть каменоргорск, 360 видео, 360 городской информационный справочник",vacation
http://360gis.kz/whitehall.html,"Ресторан и банкетный зал ""White Hall"" | 360 ГИС в Усть-Каменогорске","ресторан в усть каменогорске, кафе усть каменогорск, банкет, рестораны, еда поесть, кухня, white hall, вайт холл",whitehall
http://360gis.kz/serebro.html,"Ресторан ""Serebro"" (""Серебро"") в Усть-Каменогорске | 360 ГИС","ресторан, Ресторан локальной кухни, Детское меню, Караоке, VIP Room, Кальяны, Кейтеринг","Ресторан ""Serebro"" в Усть-Каменогорске | 360 ГИС"
http://360gis.kz/premier_ukg.html,Караоке бар Premier (Премьер) в Усть-Каменогорске | 360 ГИС,"караоке, ресторан, неке сарайы, дворец бракосочетания",Караоке бар PREMIER в Усть-Каменогорске | 360 ГИС
http://360gis.kz/index.html,Виртуальные видео-туры по заведениям и компаниям города! | 360 ГИС,"справочник в усть-каменогорске, ресторан, кафе, развлечения, салон красоты, кальяны, магазин, компании, студия, компания, клиника, стоматология, усть каменоргорск, 360 видео, 360 городской информационный справочник",Главная
http://360gis.kz/dentalstudioukg.html,"Стоматология ""Dental Studio"" в Усть-Каменогорске | 360 ГИС","стоматология в усть-каменогорске, стоматолог, дентал студио, студия, dental studio, лечение зубов, болят зубы, доктор зубной","Стоматология ""Dental Studio"" в Усть-Каменогорске | 360 ГИС"
http://360gis.kz/royal-b-hotel.html,"Роял Б отель, бронирование номеров, проживание в гостинице в Усть-Каменогорске | 360 ГИС","гостиница, номера, хостел, роял б, royal b hotel","Отель ""Royal B Hotel"" в Усть-Каменогорске | 360 ГИС"
http://360gis.kz/zebra_uka.html,"Караоке, вкусная еда, вип (vip) кабинки, доставка еды в Усть-Каменогорске | 360 ГИС","караоке бар, ночной клуб, зебра","Караоке Бар ""Зебра"" (Party Bar ""Zebra"") в Усть-Каменогорске | 360 ГИС"
http://360gis.kz/registan-protozanova-95.html,"Кафе Регистан, доставка на дом, еда, лагман, восточная кухня, блюда из баранины курицы говядины в Усть-Каменогорске","Кафе Регистан, доставка на дом, еда, лагман, восточная кухня, блюда из баранины курицы говядины в Усть-Каменогорске, Блюда из рыбы и морепродуктов, Выпечка, Закуски, Лагманы, Супы, Салаты, Гарниры, Банкетное меню, Бизнес ланчи","Сеть кафе восточной кухни ""Регистан"" в Усть-Каменогорске, ул. Протозанова 95 | 360 ГИС копия"
http://360gis.kz/registan-hotel.html,"Гостиница ""Регистан"" в Усть-Каменогорске | Забронировать номер через 360 ГИС","гостиница в ука, усть каменогорске, номера двуместные, прачечная в номерах, бронь гостиницы","Гостиница ""Регистан"" в Усть-Каменогорске | 360 ГИС"
http://360gis.kz/promo.html,Как создать виртуальный тур? Как снять 360 видео? Как добавить компанию на сайт 360gis.kz?,"гис 360, 360 видео, создать виртуальный тур",Презентация сервиса 360 ГИС
http://360gis.kz/sharm.html,"Магазин текстиля - постельное белье, подушки, полотенца, пледы, покрывала, панно, скатерти и сумки в магазине ""Шарм"" в Усть-Каменогорске | 360 ГИС","постельное бельё, одеяла, подушки, полотенца, шерстяные пледы и покрывала, в усть-каменогорске, оскемен, натуральный лен, махровые полотенца, пошив постельного белья, панно, картины, салфетки, скатерти, сумки, иконы","Магазин текстиля ""Шарм"" в Усть-Каменогорске | 360 ГИС"
http://360gis.kz/dom.html,Добавить новую компанию в справочник! | 360 ГИС,"справочник в усть-каменогорске, ресторан, кафе, развлечения, салон красоты, кальяны, магазин, компании, студия, компания, клиника, стоматология, усть каменоргорск, 360 видео, 360 городской информационный справочник",dom
http://360gis.kz/sulpak-ukg.html,"Магазин бытовой техники и электроники ""SULPAK"" в Усть-Каменогорске | 360 ГИС","бытовая техника, смартфоны, купить, холодильник, бойлер, водонагреватель, кондиционер, утюг, кофеварка кофемашина, чайник, ноутбук, телевизор, жетский диск, пылесос, мультиварка, в усть каменогорске","Магазин бытовой техники и электроники ""SULPAK"" в Усть-Каменогорске | 360 ГИС"
http://360gis.kz/dom_kafelya2.html,"Сеть салонов ""Дом Кафеля"" ул. Потанина 25/3 | 360 ГИС","керамическая плитка, кафель, kerama marazzi, усть-каменогорск","Сеть салонов ""Дом Кафеля"" ул. Потанина 25/3 | 360 ГИС"
http://360gis.kz/meiman.html,"Ресторан восточной и европейской кухни ""Meiman"" | 360 ГИС в Усть-Каменогорске","ресторан в усть каменогорске, кафе усть каменогорск, банкет, рестораны, еда поесть, восточная кухня","Ресторан ""Мейман"" в Усть-Каменогорске | 360 ГИС"
http://360gis.kz/lnp.html,"Сеть АЗС ""ЛНП"" | 360 ГИС в Усть-Каменогорске","азс, бензин, цена бензина, стоимость бензина, топливо, усть каменогорск, заправка, автозаправка, станция, дешевый бензин","Сеть АЗС ""ЛНП"" | 360 ГИС"
http://360gis.kz/eda.html,Добавить новую компанию в справочник! | 360 ГИС,"справочник в усть-каменогорске, ресторан, кафе, развлечения, салон красоты, кальяны, магазин, компании, студия, компания, клиника, стоматология, усть каменоргорск, 360 видео, 360 городской информационный справочник",eda
http://360gis.kz/help.html,Добавить новую компанию в справочник! | 360 ГИС,"справочник в усть-каменогорске, ресторан, кафе, развлечения, салон красоты, кальяны, магазин, компании, студия, компания, клиника, стоматология, усть каменоргорск, 360 видео, 360 городской информационный справочник",help
http://360gis.kz/alfa_torg.html,"Торговая компания ""Альфа-Торг"" | 360 ГИС","АЛЬФА ТОРГ, усть каменогорск, товары для дома, для квартиры, люстры светильник, посуда металлическая, Nice Cooker, российская мебель, столовые наборы Luminarc, Офисные кресла, обеденные  столы и стулья, Элитная кухонная и столовая посуда от  Российского производителя ""Гусь Хрустальный"" и Чешской компании ""Bohemia"", ортопедические и анатомические матрасы российского бренда Swishome, сейфы сейф, бухгалтерский шкаф купить, биокамин","Торговая компания ""Альфа-Торг"" | 360 ГИС"
http://360gis.kz/auto.html,Добавить новую компанию в справочник! | 360 ГИС,"справочник в усть-каменогорске, ресторан, кафе, развлечения, салон красоты, кальяны, магазин, компании, студия, компания, клиника, стоматология, усть каменоргорск, 360 видео, 360 городской информационный справочник",auto
http://360gis.kz/lavanda_ukg.html,Базы отдыха в Усть-Каменогорске | 360 ГИС,"база отдыха, отдыхать, усть каменогорск","База отдыха ""Лаванда"" в Усть-Каменогорске | 360 ГИС"
http://360gis.kz/royal-pub.html,"Английский паб ""Royal Pub (Роял Паб)"" в Усть-Каменогорске | 360 ГИС","роял паб, английский паб, круглосуточно, усть каменогорск, royal b, royal pub","Английский паб ""Royal Pub (Роял Паб)"" | 360 ГИС"
http://360gis.kz/olivye.html,"Минимаркет ""Оливье"" в Усть-Каменогорске | 360 ГИС","магазин продукты, товары для дома, текстиль, химия, бытовая химия, оливье , кшт , усть каменогорск","Минимаркет ""Оливье"" | 360 ГИС"
http://360gis.kz/polyana.html,"Комплекс ежедневного питания и магазин кулинария ""Поляна"" в Усть-Каменогорске | 360 ГИС","питание, комплекс, поляна, усть каменогорск, усть каменогорске, кулинария, продукты, выпечка, магазин, столовая","Магазин кулинария ""Поляна"" | 360 ГИС"
http://360gis.kz/aura-ukg.html,"Проведение банкетов до 60 человек, живая музыка, диджей, большой проектор в Усть-Каменогорске | 360 ГИС","кальянная, ресто бар, кухня, аура, aura","Рестобар ""Аура"" в Усть-Каменогорске | 360 ГИС"
